Index Name,i7 Bases in Adapter,i7 Bases for Sample Sheet,i5 Bases in Adapter,i5 Bases for Sample Sheet in Forward Orientation,I5 Bases for Sample Sheet in Reverse Complement Orientation
UDP0001,CGCTCAGTTC,GAACTGAGCG,TCGTGGAGCG,TCGTGGAGCG,CGCTCCACGA
UDP0002,TATCTGACCT,AGGTCAGATA,CTACAAGATA,CTACAAGATA,TATCTTGTAG
UDP0003,ATATGAGACG,CGTCTCATAT,TATAGTAGCT,TATAGTAGCT,AGCTACTATA
UDP0004,CTTATGGAAT,ATTCCATAAG,TGCCTGGTGG,TGCCTGGTGG,CCACCAGGCA
UDP0005,TAATCTCGTC,GACGAGATTA,ACATTATCCT,ACATTATCCT,AGGATAATGT
UDP0006,GCGCGATGTT,AACATCGCGC,GTCCACTTGT,GTCCACTTGT,ACAAGTGGAC
UDP0007,AGAGCACTAG,CTAGTGCTCT,TGGAACAGTA,TGGAACAGTA,TACTGTTCCA
UDP0008,TGCCTTGATC,GATCAAGGCA,CCTTGTTAAT,CCTTGTTAAT,ATTAACAAGG
UDP0009,CTACTCAGTC,GACTGAGTAG,GTTGATAGTG,GTTGATAGTG,CACTATCAAC
UDP0010,TCGTCTGACT,AGTCAGACGA,ACCAGCGACA,ACCAGCGACA,TGTCGCTGGT
UDP0011,GAACATACGG,CCGTATGTTC,CATACACTGT,CATACACTGT,ACAGTGTATG
UDP0012,CCTATGACTC,GAGTCATAGG,GTGTGGCGCT,GTGTGGCGCT,AGCGCCACAC
UDP0013,TAATGGCAAG,CTTGCCATTA,ATCACGAAGG,ATCACGAAGG,CCTTCGTGAT
UDP0014,GTGCCGCTTC,GAAGCGGCAC,CGGCTCTACT,CGGCTCTACT,AGTAGAGCCG
UDP0015,CGGCAATGGA,TCCATTGCCG,GAATGCACGA,GAATGCACGA,TCGTGCATTC
UDP0016,GCCGTAACCG,CGGTTACGGC,AAGACTATAG,AAGACTATAG,CTATAGTCTT
UDP0017,AACCATTCTC,GAGAATGGTT,TCGGCAGCAA,TCGGCAGCAA,TTGCTGCCGA
UDP0018,GGTTGCCTCT,AGAGGCAACC,CTAATGATGG,CTAATGATGG,CCATCATTAG
UDP0019,CTAATGATGG,CCATCATTAG,GGTTGCCTCT,GGTTGCCTCT,AGAGGCAACC
UDP0020,TCGGCCTATC,GATAGGCCGA,CGCACATGGC,CGCACATGGC,GCCATGTGCG
UDP0021,AGTCAACCAT,ATGGTTGACT,GGCCTGTCCT,GGCCTGTCCT,AGGACAGGCC
UDP0022,GAGCGCAATA,TATTGCGCTC,CTGTGTTAGG,CTGTGTTAGG,CCTAACACAG
UDP0023,AACAAGGCGT,ACGCCTTGTT,TAAGGAACGT,TAAGGAACGT,ACGTTCCTTA
UDP0024,GTATGTAGAA,TTCTACATAC,CTAACTGTAA,CTAACTGTAA,TTACAGTTAG
UDP0025,TTCTATGGTT,AACCATAGAA,GGCGAGATGG,GGCGAGATGG,CCATCTCGCC
UDP0026,CCTCGCAACC,GGTTGCGAGG,AATAGAGCAA,AATAGAGCAA,TTGCTCTATT
UDP0027,TGGATGCTTA,TAAGCATCCA,TCAATCCATT,TCAATCCATT,AATGGATTGA
UDP0028,ATGTCGTGGT,ACCACGACAT,TCGTATGCGG,TCGTATGCGG,CCGCATACGA
UDP0029,AGAGTGCGGC,GCCGCACTCT,TCCGACCTCG,TCCGACCTCG,CGAGGTCGGA
UDP0030,TGCCTGGTGG,CCACCAGGCA,CTTATGGAAT,CTTATGGAAT,ATTCCATAAG
UDP0031,TGCGTGTCAC,GTGACACGCA,GCTTACGGAC,GCTTACGGAC,GTCCGTAAGC
UDP0032,CATACACTGT,ACAGTGTATG,GAACATACGG,GAACATACGG,CCGTATGTTC
UDP0033,CGTATAATCA,TGATTATACG,GTCGATTACA,GTCGATTACA,TGTAATCGAC
UDP0034,TACGCGGCTG,CAGCCGCGTA,ACTAGCCGTG,ACTAGCCGTG,CACGGCTAGT
UDP0035,GCGAGTTACC,GGTAACTCGC,AAGTTGGTGA,AAGTTGGTGA,TCACCAACTT
UDP0036,TACGGCCGGT,ACCGGCCGTA,TGGCAATATT,TGGCAATATT,AATATTGCCA
UDP0037,GTCGATTACA,TGTAATCGAC,GATCACCGCG,GATCACCGCG,CGCGGTGATC
UDP0038,CTGTCTGCAC,GTGCAGACAG,TACCATCCGT,TACCATCCGT,ACGGATGGTA
UDP0039,CAGCCGATTG,CAATCGGCTG,GCTGTAGGAA,GCTGTAGGAA,TTCCTACAGC
UDP0040,TGACTACATA,TATGTAGTCA,CGCACTAATG,CGCACTAATG,CATTAGTGCG
UDP0041,ATTGCCGAGT,ACTCGGCAAT,GACAACTGAA,GACAACTGAA,TTCAGTTGTC
UDP0042,GCCATTAGAC,GTCTAATGGC,AGTGGTCAGG,AGTGGTCAGG,CCTGACCACT
UDP0043,GGCGAGATGG,CCATCTCGCC,TTCTATGGTT,TTCTATGGTT,AACCATAGAA
UDP0044,TGGCTCGCAG,CTGCGAGCCA,AATCCGGCCA,AATCCGGCCA,TGGCCGGATT
UDP0045,TAGAATAACG,CGTTATTCTA,CCATAAGGTT,CCATAAGGTT,AACCTTATGG
UDP0046,TAATGGATCT,AGATCCATTA,ATCTCTACCA,ATCTCTACCA,TGGTAGAGAT
UDP0047,TATCCAGGAC,GTCCTGGATA,CGGTGGCGAA,CGGTGGCGAA,TTCGCCACCG
UDP0048,AGTGCCACTG,CAGTGGCACT,TAACAATAGG,TAACAATAGG,CCTATTGTTA
UDP0049,GTGCAACACT,AGTGTTGCAC,CTGGTACACG,CTGGTACACG,CGTGTACCAG
UDP0050,ACATGGTGTC,GACACCATGT,TCAACGTGTA,TCAACGTGTA,TACACGTTGA
UDP0051,GACAGACAGG,CCTGTCTGTC,ACTGTTGTGA,ACTGTTGTGA,TCACAACAGT
UDP0052,TCTTACATCA,TGATGTAAGA,GTGCGTCCTT,GTGCGTCCTT,AAGGACGCAC
UDP0053,TTACAATTCC,GGAATTGTAA,AGCACATCCT,AGCACATCCT,AGGATGTGCT
UDP0054,AAGCTTATGC,GCATAAGCTT,TTCCGTCGCA,TTCCGTCGCA,TGCGACGGAA
UDP0055,TATTCCTCAG,CTGAGGAATA,CTTAACCACT,CTTAACCACT,AGTGGTTAAG
UDP0056,CTCGTGCGTT,AACGCACGAG,GCCTCGGATA,GCCTCGGATA,TATCCGAGGC
UDP0057,TTAGGATAGA,TCTATCCTAA,CGTCGACTGG,CGTCGACTGG,CCAGTCGACG
UDP0058,CCGAAGCGAG,CTCGCTTCGG,TACTAGTCAA,TACTAGTCAA,TTGACTAGTA
UDP0059,GGACCAACAG,CTGTTGGTCC,ATAGACCGTT,ATAGACCGTT,AACGGTCTAT
UDP0060,TTCCAGGTAA,TTACCTGGAA,ACAGTTCCAG,ACAGTTCCAG,CTGGAACTGT
UDP0061,TGATTAGCCA,TGGCTAATCA,AGGCATGTAG,AGGCATGTAG,CTACATGCCT
UDP0062,TAACAGTGTT,AACACTGTTA,GCAAGTCTCA,GCAAGTCTCA,TGAGACTTGC
UDP0063,ACCGCGCAAT,ATTGCGCGGT,TTGGCTCCGC,TTGGCTCCGC,GCGGAGCCAA
UDP0064,GTTCGCGCCA,TGGCGCGAAC,AACTGATACT,AACTGATACT,AGTATCAGTT
UDP0065,AGACACATTA,TAATGTGTCT,GTAAGGCATA,GTAAGGCATA,TATGCCTTAC
UDP0066,GCGTTGGTAT,ATACCAACGC,AATTGCTGCG,AATTGCTGCG,CGCAGCAATT
UDP0067,AGCACATCCT,AGGATGTGCT,TTACAATTCC,TTACAATTCC,GGAATTGTAA
UDP0068,TTGTTCCGTG,CACGGAACAA,AACCTAGCAC,AACCTAGCAC,GTGCTAGGTT
UDP0069,AAGTACTCCA,TGGAGTACTT,TCTGTGTGGA,TCTGTGTGGA,TCCACACAGA
UDP0070,ACGTCAATAC,GTATTGACGT,GGAATTCCAA,GGAATTCCAA,TTGGAATTCC
UDP0071,GGTGTACAAG,CTTGTACACC,AAGCGCGCTT,AAGCGCGCTT,AAGCGCGCTT
UDP0072,CCACCTGTGT,ACACAGGTGG,TGAGCGTTGT,TGAGCGTTGT,ACAACGCTCA
UDP0073,GTTCCGCAGG,CCTGCGGAAC,ATCATAGGCT,ATCATAGGCT,AGCCTATGAT
UDP0074,ACCTTATGAA,TTCATAAGGT,TGTTAGAAGG,TGTTAGAAGG,CCTTCTAACA
UDP0075,CGCTGCAGAG,CTCTGCAGCG,GATGGATGTA,GATGGATGTA,TACATCCATC
UDP0076,GTAGAGTCAG,CTGACTCTAC,ACGGCCGTCA,ACGGCCGTCA,TGACGGCCGT
UDP0077,GGATACCAGA,TCTGGTATCC,CGTTGCTTAC,CGTTGCTTAC,GTAAGCAACG
UDP0078,CGCACTAATG,CATTAGTGCG,TGACTACATA,TGACTACATA,TATGTAGTCA
UDP0079,TCCTGACCGT,ACGGTCAGGA,CGGCCTCGTT,CGGCCTCGTT,AACGAGGCCG
UDP0080,CTGGCTTGCC,GGCAAGCCAG,CAAGCATCCG,CAAGCATCCG,CGGATGCTTG
UDP0081,ACCAGCGACA,TGTCGCTGGT,TCGTCTGACT,TCGTCTGACT,AGTCAGACGA
UDP0082,TTGTAACGGT,ACCGTTACAA,CTCATAGCGA,CTCATAGCGA,TCGCTATGAG
UDP0083,GTAAGGCATA,TATGCCTTAC,AGACACATTA,AGACACATTA,TAATGTGTCT
UDP0084,GTCCACTTGT,ACAAGTGGAC,GCGCGATGTT,GCGCGATGTT,AACATCGCGC
UDP0085,TTAGGTACCA,TGGTACCTAA,CATGAGTACT,CATGAGTACT,AGTACTCATG
UDP0086,GGAATTCCAA,TTGGAATTCC,ACGTCAATAC,ACGTCAATAC,GTATTGACGT
UDP0087,CATGTAGAGG,CCTCTACATG,GATACCTCCT,GATACCTCCT,AGGAGGTATC
UDP0088,TACACGCTCC,GGAGCGTGTA,ATCCGTAAGT,ATCCGTAAGT,ACTTACGGAT
UDP0089,GCTTACGGAC,GTCCGTAAGC,CGTGTATCTT,CGTGTATCTT,AAGATACACG
UDP0090,CGCTTGAAGT,ACTTCAAGCG,GAACCATGAA,GAACCATGAA,TTCATGGTTC
UDP0091,CGCCTTCTGA,TCAGAAGGCG,GGCCATCATA,GGCCATCATA,TATGATGGCC
UDP0092,ATACCAACGC,GCGTTGGTAT,ACATACTTCC,ACATACTTCC,GGAAGTATGT
UDP0093,CTGGATATGT,ACATATCCAG,TATGTGCAAT,TATGTGCAAT,ATTGCACATA
UDP0094,CAATCTATGA,TCATAGATTG,GATTAAGGTG,GATTAAGGTG,CACCTTAATC
UDP0095,GGTGGAATAC,GTATTCCACC,ATGTAGACAA,ATGTAGACAA,TTGTCTACAT
UDP0096,TGGACGGAGG,CCTCCGTCCA,CACATCGGTG,CACATCGGTG,CACCGATGTG
UDP0097,CTGACCGGCA,TGCCGGTCAG,CCTGATACAA,CCTGATACAA,TTGTATCAGG
UDP0098,GAATTGAGTG,CACTCAATTC,TTAAGTTGTG,TTAAGTTGTG,CACAACTTAA
UDP0099,GCGTGTGAGA,TCTCACACGC,CGGACAGTGA,CGGACAGTGA,TCACTGTCCG
UDP0100,TCTCCATTGA,TCAATGGAGA,GCACTACAAC,GCACTACAAC,GTTGTAGTGC
UDP0101,ACATGCATAT,ATATGCATGT,TGGTGCCTGG,TGGTGCCTGG,CCAGGCACCA
UDP0102,CAGGCGCCAT,ATGGCGCCTG,TCCACGGCCT,TCCACGGCCT,AGGCCGTGGA
UDP0103,ACATAACGGA,TCCGTTATGT,TTGTAGTGTA,TTGTAGTGTA,TACACTACAA
UDP0104,TTAATAGACC,GGTCTATTAA,CCACGACACG,CCACGACACG,CGTGTCGTGG
UDP0105,ACGATTGCTG,CAGCAATCGT,TGTGATGTAT,TGTGATGTAT,ATACATCACA
UDP0106,TTCTACAGAA,TTCTGTAGAA,GAGCGCAATA,GAGCGCAATA,TATTGCGCTC
UDP0107,TATTGCGTTC,GAACGCAATA,ATCTTACTGT,ATCTTACTGT,ACAGTAAGAT
UDP0108,CATGAGTACT,AGTACTCATG,ATGTCGTGGT,ATGTCGTGGT,ACCACGACAT
UDP0109,TAATTCTACC,GGTAGAATTA,GTAGCCATCA,GTAGCCATCA,TGATGGCTAC
UDP0110,ACGCTAATTA,TAATTAGCGT,TGGTTAAGAA,TGGTTAAGAA,TTCTTAACCA
UDP0111,CCTTGTTAAT,ATTAACAAGG,TGTTGTTCGT,TGTTGTTCGT,ACGAACAACA
UDP0112,GTAGCCATCA,TGATGGCTAC,CCAACAACAT,CCAACAACAT,ATGTTGTTGG
UDP0113,CTTGTAATTC,GAATTACAAG,ACCGGCTCAG,ACCGGCTCAG,CTGAGCCGGT
UDP0114,TCCAATTCTA,TAGAATTGGA,GTTAATCTGA,GTTAATCTGA,TCAGATTAAC
UDP0115,AGAGCTGCCT,AGGCAGCTCT,CGGCTAACGT,CGGCTAACGT,ACGTTAGCCG
UDP0116,CTTCGCCGAT,ATCGGCGAAG,TCCAAGAATT,TCCAAGAATT,AATTCTTGGA
UDP0117,TCGGTCACGG,CCGTGACCGA,CCGAACGTTG,CCGAACGTTG,CAACGTTCGG
UDP0118,GAACAAGTAT,ATACTTGTTC,TAACCGCCGA,TAACCGCCGA,TCGGCGGTTA
UDP0119,AATTGGCGGA,TCCGCCAATT,CTCCGTGCTG,CTCCGTGCTG,CAGCACGGAG
UDP0120,GGCCTGTCCT,AGGACAGGCC,CATTCCAGCT,CATTCCAGCT,AGCTGGAATG
UDP0121,TAGGTTCTCT,AGAGAACCTA,GGTTATGCTA,GGTTATGCTA,TAGCATAACC
UDP0122,ACACAATATC,GATATTGTGT,ACCACACGGT,ACCACACGGT,ACCGTGTGGT
UDP0123,TTCCTGTACG,CGTACAGGAA,TAGGTTCTCT,TAGGTTCTCT,AGAGAACCTA
UDP0124,GGTAACGCAG,CTGCGTTACC,TATGGCTCGA,TATGGCTCGA,TCGAGCCATA
UDP0125,TCCACGGCCT,AGGCCGTGGA,CTCGTGCGTT,CTCGTGCGTT,AACGCACGAG
UDP0126,GATACCTCCT,AGGAGGTATC,CCAGTTGGCA,CCAGTTGGCA,TGCCAACTGG
UDP0127,CAACGTCAGC,GCTGACGTTG,TGTTCGCATT,TGTTCGCATT,AATGCGAACA
UDP0128,CGGTTATTAG,CTAATAACCG,AACCGCATCG,AACCGCATCG,CGATGCGGTT
UDP0129,CGCGCCTAGA,TCTAGGCGCG,CGAAGGTTAA,CGAAGGTTAA,TTAACCTTCG
UDP0130,TCTTGGCTAT,ATAGCCAAGA,AGTGCCACTG,AGTGCCACTG,CAGTGGCACT
UDP0131,TCACACCGAA,TTCGGTGTGA,GAACAAGTAT,GAACAAGTAT,ATACTTGTTC
UDP0132,AACGTTACAT,ATGTAACGTT,ACGATTGCTG,ACGATTGCTG,CAGCAATCGT
UDP0133,CGGCCTCGTT,AACGAGGCCG,ATACCTGGAT,ATACCTGGAT,ATCCAGGTAT
UDP0134,CATAACACCA,TGGTGTTATG,TCCAATTCTA,TCCAATTCTA,TAGAATTGGA
UDP0135,ACAGAGGCCA,TGGCCTCTGT,TGAGACAGCG,TGAGACAGCG,CGCTGTCTCA
UDP0136,TGGTGCCTGG,CCAGGCACCA,ACGCTAATTA,ACGCTAATTA,TAATTAGCGT
UDP0137,TAGGAACCGG,CCGGTTCCTA,TATATTCGAG,TATATTCGAG,CTCGAATATA
UDP0138,AATATTGGCC,GGCCAATATT,CGGTCCGATA,CGGTCCGATA,TATCGGACCG
UDP0139,ATAGGTATTC,GAATACCTAT,ACAATAGAGT,ACAATAGAGT,ACTCTATTGT
UDP0140,CCTTCACGTA,TACGTGAAGG,CGGTTATTAG,CGGTTATTAG,CTAATAACCG
UDP0141,GGCCAATAAG,CTTATTGGCC,GATAACAAGT,GATAACAAGT,ACTTGTTATC
UDP0142,CAGTAGTTGT,ACAACTACTG,AGTTATCACA,AGTTATCACA,TGTGATAACT
UDP0143,TTCATCCAAC,GTTGGATGAA,TTCCAGGTAA,TTCCAGGTAA,TTACCTGGAA
UDP0144,CAATTGGATT,AATCCAATTG,CATGTAGAGG,CATGTAGAGG,CCTCTACATG
UDP0145,GGCCATCATA,TATGATGGCC,GATTGTCATA,GATTGTCATA,TATGACAATC
UDP0146,AATTGCTGCG,CGCAGCAATT,ATTCCGCTAT,ATTCCGCTAT,ATAGCGGAAT
UDP0147,TAAGGAACGT,ACGTTCCTTA,GACCGCTGTG,GACCGCTGTG,CACAGCGGTC
UDP0148,CTATACGCGG,CCGCGTATAG,TAGGAACCGG,TAGGAACCGG,CCGGTTCCTA
UDP0149,ATTCAGAATC,GATTCTGAAT,AGCGGTGGAC,AGCGGTGGAC,GTCCACCGCT
UDP0150,GTATTCTCTA,TAGAGAATAC,TATAGATTCG,TATAGATTCG,CGAATCTATA
UDP0151,CCTGATACAA,TTGTATCAGG,ACAGAGGCCA,ACAGAGGCCA,TGGCCTCTGT
UDP0152,GACCGCTGTG,CACAGCGGTC,ATTCCTATTG,ATTCCTATTG,CAATAGGAAT
UDP0153,TTCAGCGTGG,CCACGCTGAA,TATTCCTCAG,TATTCCTCAG,CTGAGGAATA
UDP0154,AACTCCGAAC,GTTCGGAGTT,CGCCTTCTGA,CGCCTTCTGA,TCAGAAGGCG
UDP0155,ATTCCGCTAT,ATAGCGGAAT,GCGCAGAGTA,GCGCAGAGTA,TACTCTGCGC
UDP0156,TGAATATTGC,GCAATATTCA,GGCGCCAATT,GGCGCCAATT,AATTGGCGCC
UDP0157,CGCAATCTAG,CTAGATTGCG,AGATATGGCG,AGATATGGCG,CGCCATATCT
UDP0158,AACCGCATCG,CGATGCGGTT,CCTGCTTGGT,CCTGCTTGGT,ACCAAGCAGG
UDP0159,CTAGTCCGGA,TCCGGACTAG,GACGAACAAT,GACGAACAAT,ATTGTTCGTC
UDP0160,GCTCCGTCAC,GTGACGGAGC,TGGCGGTCCA,TGGCGGTCCA,TGGACCGCCA
UDP0161,AGATGGAATT,AATTCCATCT,CTTCAGTTAC,CTTCAGTTAC,GTAACTGAAG
UDP0162,ACACCGTTAA,TTAACGGTGT,TCCTGACCGT,TCCTGACCGT,ACGGTCAGGA
UDP0163,GATAACAAGT,ACTTGTTATC,CGCGCCTAGA,CGCGCCTAGA,TCTAGGCGCG
UDP0164,CTGGTACACG,CGTGTACCAG,AGGATAAGTT,AGGATAAGTT,AACTTATCCT
UDP0165,CGAAGGTTAA,TTAACCTTCG,AGGCCAGACA,AGGCCAGACA,TGTCTGGCCT
UDP0166,ATCGCATATG,CATATGCGAT,CCTTGAACGG,CCTTGAACGG,CCGTTCAAGG
UDP0167,ATCATAGGCT,AGCCTATGAT,CACCACCTAC,CACCACCTAC,GTAGGTGGTG
UDP0168,GATTGTCATA,TATGACAATC,TTGCTTGTAT,TTGCTTGTAT,ATACAAGCAA
UDP0169,CCAACAACAT,ATGTTGTTGG,CAATCTATGA,CAATCTATGA,TCATAGATTG
UDP0170,TTGGTGGTGC,GCACCACCAA,TGGTACTGAT,TGGTACTGAT,ATCAGTACCA
UDP0171,GCGAACGCCT,AGGCGTTCGC,TTCATCCAAC,TTCATCCAAC,GTTGGATGAA
UDP0172,CAACCGGAGG,CCTCCGGTTG,CATAACACCA,CATAACACCA,TGGTGTTATG
UDP0173,AGCGGTGGAC,GTCCACCGCT,TCCTATTAGC,TCCTATTAGC,GCTAATAGGA
UDP0174,GACGAACAAT,ATTGTTCGTC,TCTCTAGATT,TCTCTAGATT,AATCTAGAGA
UDP0175,CCACTGGTCC,GGACCAGTGG,CGCGAGCCTA,CGCGAGCCTA,TAGGCTCGCG
UDP0176,TGTTAGAAGG,CCTTCTAACA,GATAAGCTCT,GATAAGCTCT,AGAGCTTATC
UDP0177,TATATTCGAG,CTCGAATATA,GAGATGTCGA,GAGATGTCGA,TCGACATCTC
UDP0178,CGCGACGATC,GATCGTCGCG,CTGGATATGT,CTGGATATGT,ACATATCCAG
UDP0179,GCCTCGGATA,TATCCGAGGC,GGCCAATAAG,GGCCAATAAG,CTTATTGGCC
UDP0180,TGAGACAGCG,CGCTGTCTCA,ATTACTCACC,ATTACTCACC,GGTGAGTAAT
UDP0181,TGTTCGCATT,AATGCGAACA,AATTGGCGGA,AATTGGCGGA,TCCGCCAATT
UDP0182,TCCAAGAATT,AATTCTTGGA,TTGTCAACTT,TTGTCAACTT,AAGTTGACAA
UDP0183,GCTGTAGGAA,TTCCTACAGC,GGCGAATTCT,GGCGAATTCT,AGAATTCGCC
UDP0184,ATACCTGGAT,ATCCAGGTAT,CAACGTCAGC,CAACGTCAGC,GCTGACGTTG
UDP0185,GTTGGACCGT,ACGGTCCAAC,TCTTACATCA,TCTTACATCA,TGATGTAAGA
UDP0186,ACCAAGTTAC,GTAACTTGGT,CGCCATACCT,CGCCATACCT,AGGTATGGCG
UDP0187,GTGTGGCGCT,AGCGCCACAC,CTAATGTCTT,CTAATGTCTT,AAGACATTAG
UDP0188,GGCAGTAGCA,TGCTACTGCC,CAACCGGAGG,CAACCGGAGG,CCTCCGGTTG
UDP0189,TGCGGTGTTG,CAACACCGCA,GGCAGTAGCA,GGCAGTAGCA,TGCTACTGCC
UDP0190,GATTAAGGTG,CACCTTAATC,TTAGGATAGA,TTAGGATAGA,TCTATCCTAA
UDP0191,CAACATTCAA,TTGAATGTTG,CGCAATCTAG,CGCAATCTAG,CTAGATTGCG
UDP0192,GTGTTACCGG,CCGGTAACAC,GAGTTGTACT,GAGTTGTACT,AGTACAACTC
UDP0193,TATCATGAGA,TCTCATGATA,AACACGTGGA,AACACGTGGA,TCCACGTGTT
UDP0194,CTTGGCCTCG,CGAGGCCAAG,GTGTTACCGG,GTGTTACCGG,CCGGTAACAC
UDP0195,GTCTCGTGAA,TTCACGAGAC,AGATTGTTAC,AGATTGTTAC,GTAACAATCT
UDP0196,CCATCCACGC,GCGTGGATGG,TTGACCAATG,TTGACCAATG,CATTGGTCAA
UDP0197,ACAACCAGGA,TCCTGGTTGT,CTGACCGGCA,CTGACCGGCA,TGCCGGTCAG
UDP0198,AGCAGAATTA,TAATTCTGCT,TCTCATCAAT,TCTCATCAAT,ATTGATGAGA
UDP0199,CAGTCGTGCG,CGCACGACTG,GGACCAACAG,GGACCAACAG,CTGTTGGTCC
UDP0200,GTCTAACCTC,GAGGTTAGAC,AATGTATTGC,AATGTATTGC,GCAATACATT
UDP0201,GAACTCGGTT,AACCGAGTTC,GATCTCTGGA,GATCTCTGGA,TCCAGAGATC
UDP0202,AGTTATCACA,TGTGATAACT,CAGGCGCCAT,CAGGCGCCAT,ATGGCGCCTG
UDP0203,GTAGCATACT,AGTATGCTAC,TTAATAGACC,TTAATAGACC,GGTCTATTAA
UDP0204,CTTCAGTTAC,GTAACTGAAG,GGAGTCGCGA,GGAGTCGCGA,TCGCGACTCC
UDP0205,AGTCCGAGGA,TCCTCGGACT,AACGCCAGAG,AACGCCAGAG,CTCTGGCGTT
UDP0206,ACAGTTCCAG,CTGGAACTGT,CGTAATTAAC,CGTAATTAAC,GTTAATTACG
UDP0207,CCGCATATTC,GAATATGCGG,ACGAGACTGA,ACGAGACTGA,TCAGTCTCGT
UDP0208,TTATCCGATC,GATCGGATAA,GTATCGGCCG,GTATCGGCCG,CGGCCGATAC
UDP0209,ATAGTCTAGC,GCTAGACTAT,AATACGACAT,AATACGACAT,ATGTCGTATT
UDP0210,TATAGTAGCT,AGCTACTATA,GTTATATGGC,GTTATATGGC,GCCATATAAC
UDP0211,ACTCCGGTGG,CCACCGGAGT,GCCTGCCATG,GCCTGCCATG,CATGGCAGGC
UDP0212,GTGCGGTAAG,CTTACCGCAC,TAAGACCTAT,TAAGACCTAT,ATAGGTCTTA
UDP0213,GATATCCTAA,TTAGGATATC,TATACCATGG,TATACCATGG,CCATGGTATA
UDP0214,TCGCGTATAA,TTATACGCGA,GCCGTCTGTT,GCCGTCTGTT,AACAGACGGC
UDP0215,ATTCTAAGCG,CGCTTAGAAT,CAGAGTGATA,CAGAGTGATA,TATCACTCTG
UDP0216,AGCGCTTCGG,CCGAAGCGCT,TGCTAACTAT,TGCTAACTAT,ATAGTTAGCA
UDP0217,GTTGATAGTG,CACTATCAAC,TCAGTTAATG,TCAGTTAATG,CATTAACTGA
UDP0218,AATAGAGCAA,TTGCTCTATT,GTGACCTTGA,GTGACCTTGA,TCAAGGTCAC
UDP0219,CTAACTGTAA,TTACAGTTAG,ACATGCATAT,ACATGCATAT,ATATGCATGT
UDP0220,GCGTACTTAG,CTAAGTACGC,AACATACCTA,AACATACCTA,TAGGTATGTT
UDP0221,TACCGAACTA,TAGTTCGGTA,CCATGTGTAG,CCATGTGTAG,CTACACATGG
UDP0222,GTAGTAATAG,CTATTACTAC,GAGTCTCTCC,GAGTCTCTCC,GGAGAGACTC
UDP0223,GGTTATGCTA,TAGCATAACC,GCTATGCGCA,GCTATGCGCA,TGCGCATAGC
UDP0224,ACAATAGAGT,ACTCTATTGT,ATCGCATATG,ATCGCATATG,CATATGCGAT
UDP0225,GCTTCCACTA,TAGTGGAAGC,AGTACCTATA,AGTACCTATA,TATAGGTACT
UDP0226,AGATATGGCG,CGCCATATCT,GACCGGAGAT,GACCGGAGAT,ATCTCCGGTC
UDP0227,AATATGAAGC,GCTTCATATT,CGTTCAGCCT,CGTTCAGCCT,AGGCTGAACG
UDP0228,TAGCGCTAGT,ACTAGCGCTA,TTACTTCCTC,TTACTTCCTC,GAGGAAGTAA
UDP0229,AGTTAAGAGC,GCTCTTAACT,CACGTCCACC,CACGTCCACC,GGTGGACGTG
UDP0230,CAGATACCAC,GTGGTATCTG,GCTACTATCT,GCTACTATCT,AGATAGTAGC
UDP0231,ACGGCCGTCA,TGACGGCCGT,AGTCAACCAT,AGTCAACCAT,ATGGTTGACT
UDP0232,GTAATTACTG,CAGTAATTAC,CGAGGCGGTA,CGAGGCGGTA,TACCGCCTCG
UDP0233,AAGTCTTGTA,TACAAGACTT,CAGGTGTTCA,CAGGTGTTCA,TGAACACCTG
UDP0234,GTCACCACAG,CTGTGGTGAC,GACAGACAGG,GACAGACAGG,CCTGTCTGTC
UDP0235,ATTAGTGGAG,CTCCACTAAT,TGTACTTGTT,TGTACTTGTT,AACAAGTACA
UDP0236,TGCTAACTAT,ATAGTTAGCA,CTCTAAGTAG,CTCTAAGTAG,CTACTTAGAG
UDP0237,TAAGACCTAT,ATAGGTCTTA,GTCACCACAG,GTCACCACAG,CTGTGGTGAC
UDP0238,TGGTTAAGAA,TTCTTAACCA,TCTACATACC,TCTACATACC,GGTATGTAGA
UDP0239,ACTCTTCCTT,AAGGAAGAGT,CACGTTAGGC,CACGTTAGGC,GCCTAACGTG
UDP0240,GTCTCCTTCC,GGAAGGAGAC,TGGTGAGTCT,TGGTGAGTCT,AGACTCACCA
UDP0241,TCCGCGTTCA,TGAACGCGGA,CTTCGAAGGA,CTTCGAAGGA,TCCTTCGAAG
UDP0242,AGGTTGCAGG,CCTGCAACCT,GTAGAGTCAG,GTAGAGTCAG,CTGACTCTAC
UDP0243,GAACCATGAA,TTCATGGTTC,GACATTGTCA,GACATTGTCA,TGACAATGTC
UDP0244,TTGAGAGGAT,ATCCTCTCAA,TCCGCAAGGC,TCCGCAAGGC,GCCTTGCGGA
UDP0245,TGGTCTAGTG,CACTAGACCA,ACTGCCTTAT,ACTGCCTTAT,ATAAGGCAGT
UDP0246,AGTGGATAAT,ATTATCCACT,TACGCACGTA,TACGCACGTA,TACGTGCGTA
UDP0247,GGCACGCCAT,ATGGCGTGCC,CGCTTGAAGT,CGCTTGAAGT,ACTTCAAGCG
UDP0248,GATCTCTGGA,TCCAGAGATC,CTGCACTTCA,CTGCACTTCA,TGAAGTGCAG
UDP0249,TGCTGGACAT,ATGTCCAGCA,CAGCGGACAA,CAGCGGACAA,TTGTCCGCTG
UDP0250,CCGAACGTTG,CAACGTTCGG,GGATCCGCAT,GGATCCGCAT,ATGCGGATCC
UDP0251,ATTAATACGC,GCGTATTAAT,TGCGGTGTTG,TGCGGTGTTG,CAACACCGCA
UDP0252V2,CCAGATTCGG,CCGAATCTGG,ATGAATCAAG,ATGAATCAAG,CTTGATTCAT
UDP0252,TAGTCACAAC,GTTGTGACTA,ACATAACGGA,ACATAACGGA,TCCGTTATGT
UDP0253,GGTATTGAGA,TCTCAATACC,GACGTTCGCG,GACGTTCGCG,CGCGAACGTC
UDP0254,CAAGATGCTT,AAGCATCTTG,CATTCAACAA,CATTCAACAA,TTGTTGAATG
UDP0255,ACGAGACTGA,TCAGTCTCGT,CACGGATTAT,CACGGATTAT,ATAATCCGTG
UDP0256,TTATCTTGCA,TGCAAGATAA,TTGAGGACGG,TTGAGGACGG,CCGTCCTCAA
UDP0257,AGATTGTTAC,GTAACAATCT,CTCTGTATAC,CTCTGTATAC,GTATACAGAG
UDP0258V2,TATACCATGG,CCATGGTATA,TCTCGCGGAG,TCTCGCGGAG,CTCCGCGAGA
UDP0258,TCTACCGCTG,CAGCGGTAGA,GCAACAGGTG,GCAACAGGTG,CACCTGTTGC
UDP0259,AACGGTATGA,TCATACCGTT,GGTAACGCAG,GGTAACGCAG,CTGCGTTACC
UDP0260,CAATGGCGCC,GGCGCCATTG,ACCGCGCAAT,ACCGCGCAAT,ATTGCGCGGT
UDP0261,CTAATTCGCT,AGCGAATTAG,AGCCGGAACA,AGCCGGAACA,TGTTCCGGCT
UDP0262,CATGGTCTAA,TTAGACCATG,TCCTAGGAAG,TCCTAGGAAG,CTTCCTAGGA
UDP0263,ATACTGTGTG,CACACAGTAT,TTGAGCCTAA,TTGAGCCTAA,TTAGGCTCAA
UDP0264,GCCGACAAGA,TCTTGTCGGC,CCACCTGTGT,CCACCTGTGT,ACACAGGTGG
UDP0265,CGAGGCGGTA,TACCGCCTCG,CCTCGCAACC,CCTCGCAACC,GGTTGCGAGG
UDP0266,GATATAACAG,CTGTTATATC,GTATAGCTGT,GTATAGCTGT,ACAGCTATAC
UDP0267,TCGCCGGTTA,TAACCGGCGA,GCTACATTAG,GCTACATTAG,CTAATGTAGC
UDP0268,AGACTCTCTT,AAGAGAGTCT,TACGAATCTT,TACGAATCTT,AAGATTCGTA
UDP0269,GCTCGCCTAC,GTAGGCGAGC,TAGGAGCGCA,TAGGAGCGCA,TGCGCTCCTA
UDP0270,AGGATAAGTT,AACTTATCCT,GTACTGGCGT,GTACTGGCGT,ACGCCAGTAC
UDP0271,GAGACATAAT,ATTATGTCTC,AGTTAAGAGC,AGTTAAGAGC,GCTCTTAACT
UDP0272,AGCTGTTATA,TATAACAGCT,TCGCGTATAA,TCGCGTATAA,TTATACGCGA
UDP0273,GTATCATTGG,CCAATGATAC,GAGTGTGCCG,GAGTGTGCCG,CGGCACACTC
UDP0274,AATAGGCCTC,GAGGCCTATT,CTAGTCCGGA,CTAGTCCGGA,TCCGGACTAG
UDP0275,CCGCTTAGCT,AGCTAAGCGG,ATTAATACGC,ATTAATACGC,GCGTATTAAT
UDP0276,TCCTAGGAAG,CTTCCTAGGA,CCTAGAGTAT,CCTAGAGTAT,ATACTCTAGG
UDP0277,TCACAGATCG,CGATCTGTGA,TAGGAAGACT,TAGGAAGACT,AGTCTTCCTA
UDP0278,ACTTGTCCAC,GTGGACAAGT,CCGTGGCCTT,CCGTGGCCTT,AAGGCCACGG
UDP0279,TGTACTTGTT,AACAAGTACA,GGATATATCC,GGATATATCC,GGATATATCC
UDP0280,CACTTAATCT,AGATTAAGTG,CACCTCTTGG,CACCTCTTGG,CCAAGAGGTG
UDP0281,CAGAGTGATA,TATCACTCTG,AACGTTACAT,AACGTTACAT,ATGTAACGTT
UDP0282,GGCGAATTCT,AGAATTCGCC,CGGCAAGCTC,CGGCAAGCTC,GAGCTTGCCG
UDP0283,AGTGGTCAGG,CCTGACCACT,TCTTGGCTAT,TCTTGGCTAT,ATAGCCAAGA
UDP0284,CATTCCAGCT,AGCTGGAATG,ACGGAATGCG,ACGGAATGCG,CGCATTCCGT
UDP0285,CTCGTTATCA,TGATAACGAG,GTTCCGCAGG,GTTCCGCAGG,CCTGCGGAAC
UDP0286,CCTTACTATG,CATAGTAAGG,ACCAAGTTAC,ACCAAGTTAC,GTAACTTGGT
UDP0287,AGAAGCCAAT,ATTGGCTTCT,TGGCTCGCAG,TGGCTCGCAG,CTGCGAGCCA
UDP0288,TAATCGGTAC,GTACCGATTA,AACTAACGTT,AACTAACGTT,AACGTTAGTT
UDP0289V2,GCTACTATCT,AGATAGTAGC,GGCACGCCAT,GGCACGCCAT,ATGGCGTGCC
UDP0289,GGAATTGTTC,GAACAATTCC,TAGAGTTGGA,TAGAGTTGGA,TCCAACTCTA
UDP0290V2,GTCTTCTAAT,ATTAGAAGAC,GCAGGCTGGA,GCAGGCTGGA,TCCAGCCTGC
UDP0290,CCGGACCACA,TGTGGTCCGG,AGAGCACTAG,AGAGCACTAG,CTAGTGCTCT
UDP0291V2,ATGTGCGAGC,GCTCGCACAT,ATGGCTTAAT,ATGGCTTAAT,ATTAAGCCAT
UDP0291,GACTTAGAAG,CTTCTAAGTC,ACTCTACAGG,ACTCTACAGG,CCTGTAGAGT
UDP0292,TGGCAATATT,AATATTGCCA,CGGTGACACC,CGGTGACACC,GGTGTCACCG
UDP0293,GAATGCACGA,TCGTGCATTC,GCGTTGGTAT,GCGTTGGTAT,ATACCAACGC
UDP0294,CGTGTATCTT,AAGATACACG,TGTGCTAACA,TGTGCTAACA,TGTTAGCACA
UDP0295,ATTCATTGCA,TGCAATGAAT,CCAGAAGTAA,CCAGAAGTAA,TTACTTCTGG
UDP0296,TCCTTCATAG,CTATGAAGGA,CTTATACCTG,CTTATACCTG,CAGGTATAAG
UDP0297,TCTAGTCTTC,GAAGACTAGA,ACTAGAACTT,ACTAGAACTT,AAGTTCTAGT
UDP0298,CTCGACTCCT,AGGAGTCGAG,TTAGGCTTAC,TTAGGCTTAC,GTAAGCCTAA
UDP0299,AGTGAGTGAA,TTCACTCACT,TATCATGAGA,TATCATGAGA,TCTCATGATA
UDP0300,GAAGCGGACC,GGTCCGCTTC,CTCACACAAG,CTCACACAAG,CTTGTGTGAG
UDP0301V2,CAAGCCACTA,TAGTGGCTTG,AGTTACTTGG,AGTTACTTGG,CCAAGTAACT
UDP0301,GCTCTCGTTG,CAACGAGAGC,GAATTGAGTG,GAATTGAGTG,CACTCAATTC
UDP0302,GGACCTCAAT,ATTGAGGTCC,CGGATTATAT,CGGATTATAT,ATATAATCCG
UDP0303,GAGTCTCTCC,GGAGAGACTC,TTGAAGCAGA,TTGAAGCAGA,TCTGCTTCAA
UDP0304,AACGGAGCGG,CCGCTCCGTT,TACGGCGAAG,TACGGCGAAG,CTTCGCCGTA
UDP0305,TGTGATGTAT,ATACATCACA,TCTCCATTGA,TCTCCATTGA,TCAATGGAGA
UDP0306,AACATACCTA,TAGGTATGTT,CGAGACCAAG,CGAGACCAAG,CTTGGTCTCG
UDP0307,GTGCTAGGTG,CACCTAGCAC,TGCTGGACAT,TGCTGGACAT,ATGTCCAGCA
UDP0308,CATACTTGAA,TTCAAGTATG,GATGGTATCG,GATGGTATCG,CGATACCATC
UDP0309,CTTGTCTTAA,TTAAGACAAG,GGCTTAATTG,GGCTTAATTG,CAATTAAGCC
UDP0310,AAGAGAGGTG,CACCTCTCTT,CTCGACTCCT,CTCGACTCCT,AGGAGTCGAG
UDP0311,TGCACGAGAA,TTCTCGTGCA,ATACACAGAG,ATACACAGAG,CTCTGTGTAT
UDP0312,ACTTCCTAGC,GCTAGGAAGT,TCTCGGACGA,TCTCGGACGA,TCGTCCGAGA
UDP0313,GTGCTATTAA,TTAATAGCAC,ACCACGTCTG,ACCACGTCTG,CAGACGTGGT
UDP0314,AGCGTGAATG,CATTCACGCT,GTTGTACTCA,GTTGTACTCA,TGAGTACAAC
UDP0315,CCTTAGTGCC,GGCACTAAGG,TCAGGTCAAC,TCAGGTCAAC,GTTGACCTGA
UDP0316,TGTACCGAAT,ATTCGGTACA,AGTCCGAGGA,AGTCCGAGGA,TCCTCGGACT
UDP0317,GGAGATTAGT,ACTAATCTCC,CACTTAATCT,CACTTAATCT,AGATTAAGTG
UDP0318,TACTAACACA,TGTGTTAGTA,TACTCTGTTA,TACTCTGTTA,TAACAGAGTA
UDP0319,TAGGTCGTTG,CAACGACCTA,GCGACTCGAT,GCGACTCGAT,ATCGAGTCGC
UDP0320,ATGCCGACCG,CGGTCGGCAT,CTAGGCAAGG,CTAGGCAAGG,CCTTGCCTAG
UDP0321,CTAGCGTCGA,TCGACGCTAG,CCTCTTCGAA,CCTCTTCGAA,TTCGAAGAGG
UDP0322,TGCCTACGAG,CTCGTAGGCA,TCATCCTCTT,TCATCCTCTT,AAGAGGATGA
UDP0323,ACTAGAACTT,AAGTTCTAGT,GGTAAGATAA,GGTAAGATAA,TTATCTTACC
UDP0324,CACCTCTTGG,CCAAGAGGTG,AACGAGCCAG,AACGAGCCAG,CTGGCTCGTT
UDP0325,AAGCAGATAT,ATATCTGCTT,TAGACAATCT,TAGACAATCT,AGATTGTCTA
UDP0326,GCCAGATCCA,TGGATCTGGC,CAATGCTGAA,CAATGCTGAA,TTCAGCATTG
UDP0327,TTGGATTCAA,TTGAATCCAA,GTCACGGTGT,GTCACGGTGT,ACACCGTGAC
UDP0328,ACTAGCCGTG,CACGGCTAGT,GGTGTACAAG,GGTGTACAAG,CTTGTACACC
UDP0329,CGGCAAGCTC,GAGCTTGCCG,AGGTTGCAGG,AGGTTGCAGG,CCTGCAACCT
UDP0330,GAAGCTAGCT,AGCTAGCTTC,TAATACGGAG,TAATACGGAG,CTCCGTATTA
UDP0331,ACAAGGATTG,CAATCCTTGT,CGAAGACGCA,CGAAGACGCA,TGCGTCTTCG
UDP0332,GCAACAGGTG,CACCTGTTGC,ATTGACACAT,ATTGACACAT,ATGTGTCAAT
UDP0333,CAAGGTGACG,CGTCACCTTG,CAGCCGATTG,CAGCCGATTG,CAATCGGCTG
UDP0334,ACCAGTCATT,AATGACTGGT,TCTCACGCGT,TCTCACGCGT,ACGCGTGAGA
UDP0335,CCGGAATCAT,ATGATTCCGG,CTCTGACGTG,CTCTGACGTG,CACGTCAGAG
UDP0336,TTGAGCCTAA,TTAGGCTCAA,TCGAATGGAA,TCGAATGGAA,TTCCATTCGA
UDP0337,CCACCTTACA,TGTAAGGTGG,AAGGCCTTGG,AAGGCCTTGG,CCAAGGCCTT
UDP0338,GTTGCAGTTG,CAACTGCAAC,TGAACGCAAC,TGAACGCAAC,GTTGCGTTCA
UDP0339,TCACTCATGT,ACATGAGTGA,CCGCTTAGCT,CCGCTTAGCT,AGCTAAGCGG
UDP0340,GACTGGTTGC,GCAACCAGTC,CACCGAGGAA,CACCGAGGAA,TTCCTCGGTG
UDP0341,ATCGTCGCTC,GAGCGACGAT,CGTATAATCA,CGTATAATCA,TGATTATACG
UDP0342,GGTGCGTTCG,CGAACGCACC,ATGACAGAAC,ATGACAGAAC,GTTCTGTCAT
UDP0343,CGGCGTAAGA,TCTTACGCCG,ATTCATTGCA,ATTCATTGCA,TGCAATGAAT
UDP0344,GACATCAGCT,AGCTGATGTC,TCATGTCCTG,TCATGTCCTG,CAGGACATGA
UDP0345,ACTAATTCAG,CTGAATTAGT,AATTCGATCG,AATTCGATCG,CGATCGAATT
UDP0346,TTCCTCCTTA,TAAGGAGGAA,TTCCGACATT,TTCCGACATT,AATGTCGGAA
UDP0347,TGTGTAAGCT,AGCTTACACA,TGGCACGACC,TGGCACGACC,GGTCGTGCCA
UDP0348,GTGGCTGGTT,AACCAGCCAC,GCCACAGCAC,GCCACAGCAC,GTGCTGTGGC
UDP0349,TCGACTTAAG,CTTAAGTCGA,CAGTAGTTGT,CAGTAGTTGT,ACAACTACTG
UDP0350,CACGTTAGGC,GCCTAACGTG,AGCTCTCAAG,AGCTCTCAAG,CTTGAGAGCT
UDP0351,TGAAGTAAGT,ACTTACTTCA,TCTGGAATTA,TCTGGAATTA,TAATTCCAGA
UDP0352,ACGGAATGCG,CGCATTCCGT,ATTAGTGGAG,ATTAGTGGAG,CTCCACTAAT
UDP0353,GTGTGATATC,GATATCACAC,GACTATATGT,GACTATATGT,ACATATAGTC
UDP0354,ACACAGCGCT,AGCGCTGTGT,CGTTCGGAAC,CGTTCGGAAC,GTTCCGAACG
UDP0355,AGCGCGGTGA,TCACCGCGCT,TCGATACTAG,TCGATACTAG,CTAGTATCGA
UDP0356,CAAGGCTATC,GATAGCCTTG,TACCACAATG,TACCACAATG,CATTGTGGTA
UDP0357,TGCGTCCAGG,CCTGGACGCA,TGGTATACCA,TGGTATACCA,TGGTATACCA
UDP0358,AGGTGCGTAA,TTACGCACCT,GCTCTCGTTG,GCTCTCGTTG,CAACGAGAGC
UDP0359,GCAGCAACGA,TCGTTGCTGC,GTCTCGTGAA,GTCTCGTGAA,TTCACGAGAC
UDP0360,ATCCTTGTCG,CGACAAGGAT,AAGGCCACCT,AAGGCCACCT,AGGTGGCCTT
UDP0361,GAAGGTACAC,GTGTACCTTC,CTGTGAGCTA,CTGTGAGCTA,TAGCTCACAG
UDP0362,TTGGCCAGGT,ACCTGGCCAA,TCACAGATCG,TCACAGATCG,CGATCTGTGA
UDP0363,AGGCCAGACA,TGTCTGGCCT,AGAAGCCAAT,AGAAGCCAAT,ATTGGCTTCT
UDP0364,AGCATTAACT,AGTTAATGCT,ACTGCAGCCG,ACTGCAGCCG,CGGCTGCAGT
UDP0365,ATTACTCACC,GGTGAGTAAT,AACATCTAGT,AACATCTAGT,ACTAGATGTT
UDP0366,GCGCAGAGTA,TACTCTGCGC,CCTTACTATG,CCTTACTATG,CATAGTAAGG
UDP0367,CGCCATACCT,AGGTATGGCG,GTGGCGAGAC,GTGGCGAGAC,GTCTCGCCAC
UDP0368,GCAGGCTGGA,TCCAGCCTGC,GCCAGATCCA,GCCAGATCCA,TGGATCTGGC
UDP0369,GTTATATGGC,GCCATATAAC,ACACAATATC,ACACAATATC,GATATTGTGT
UDP0370,CACTCGCACT,AGTGCGAGTG,TGGAGGTAAT,TGGAGGTAAT,ATTACCTCCA
UDP0371,ACCGGCTCAG,CTGAGCCGGT,CCTTCACGTA,CCTTCACGTA,TACGTGAAGG
UDP0372,ATAGACCGTT,AACGGTCTAT,CTATACGCGG,CTATACGCGG,CCGCGTATAG
UDP0373,TGAACGCAAC,GTTGCGTTCA,GTTGCAGTTG,GTTGCAGTTG,CAACTGCAAC
UDP0374,GTGGTTGAAG,CTTCAACCAC,TTATGCGCCT,TTATGCGCCT,AGGCGCATAA
UDP0375,ACTGAATAGA,TCTATTCAGT,TCTCAGTACA,TCTCAGTACA,TGTACTGAGA
UDP0376,GGACGTCTTG,CAAGACGTCC,AGTATACGGA,AGTATACGGA,TCCGTATACT
UDP0377,GTTGTACTCA,TGAGTACAAC,ACGCTTGGAC,ACGCTTGGAC,GTCCAAGCGT
UDP0378,AGAACCGCGG,CCGCGGTTCT,GGAGTAGATT,GGAGTAGATT,AATCTACTCC
UDP0379,CAGTATCAAT,ATTGATACTG,TACACGCTCC,TACACGCTCC,GGAGCGTGTA
UDP0380,TCCATAATCC,GGATTATGGA,TCCGATAGAG,TCCGATAGAG,CTCTATCGGA
UDP0381,ATGAGAACCA,TGGTTCTCAT,CTCAAGGCCG,CTCAAGGCCG,CGGCCTTGAG
UDP0382,TCGTGGTTGA,TCAACCACGA,CAAGTTCATA,CAAGTTCATA,TATGAACTTG
UDP0383,CAAGTTCATA,TATGAACTTG,AATCCTTAGG,AATCCTTAGG,CCTAAGGATT
UDP0384,CTTAACCACT,AGTGGTTAAG,GGTGGAATAC,GGTGGAATAC,GTATTCCACC
